{"count":1,"self":11.5340784,"total":11.713847,"children":{"InitializeActuators":{"count":2,"self":0.0013319999999999999,"total":0.0013319999999999999,"children":null},"InitializeSensors":{"count":2,"self":0.0031799999999999997,"total":0.0031799999999999997,"children":null},"AgentSendState":{"count":427,"self":0.14152499999999998,"total":0.158726,"children":{"CollectObservations":{"count":172,"self":0.0051249999999999993,"total":0.0051249999999999993,"children":null},"WriteActionMask":{"count":172,"self":0.00075999999999999993,"total":0.00075999999999999993,"children":null},"RequestDecision":{"count":172,"self":0.005056,"total":0.011316,"children":{"RayPerceptionSensor.Perceive":{"count":344,"self":0.00626,"total":0.00626,"children":null}}}}},"DecideAction":{"count":427,"self":0.0074189999999999994,"total":0.0074189999999999994,"children":null},"AgentAct":{"count":427,"self":0.009075,"total":0.009075,"children":null}},"gauges":{},"metadata":{"timer_format_version":"0.1.0","start_time_seconds":"1750960388","unity_version":"6000.1.6f1","command_line_arguments":"\/home\/kaspian\/Unity\/Hub\/Editor\/6000.1.6f1\/Editor\/Unity -projectpath \/home\/kaspian\/aiw_soccer\/AIW_SOCCER -useHub -hubIPC -cloudEnvironment production","communication_protocol_version":"1.5.0","com.unity.ml-agents_version":"3.0.0","scene_name":"Main Scene","end_time_seconds":"1750960400"}}