{"count":1,"self":2873.0621951999997,"total":2926.7915712,"children":{"InitializeActuators":{"count":2,"self":0.0005086,"total":0.0005086,"children":null},"InitializeSensors":{"count":2,"self":0.0025201,"total":0.0025201,"children":null},"AgentSendState":{"count":145976,"self":13.6659072,"total":14.195958099999999,"children":{"CollectObservations":{"count":58392,"self":0.29680409999999996,"total":0.29680409999999996,"children":null},"WriteActionMask":{"count":58392,"self":0.0698694,"total":0.0698694,"children":null},"RequestDecision":{"count":58392,"self":0.16337759999999998,"total":0.16337759999999998,"children":null}}},"DecideAction":{"count":145976,"self":28.1507008,"total":35.037980399999995,"children":{"RayPerceptionSensor.Perceive":{"count":175176,"self":6.8872784,"total":6.8872779999999993,"children":null}}},"AgentAct":{"count":145976,"self":4.491978,"total":4.4919779,"children":null}},"gauges":{"Kai_FootballAgent.CumulativeReward":{"count":326,"max":25.2766724,"min":-9.813349,"runningAverage":2.94974542,"value":-6.001606,"weightedAverage":6.38841534},"Albert_FootballAgent.CumulativeReward":{"count":326,"max":25.05149,"min":-9.801009,"runningAverage":3.147673,"value":14.7418709,"weightedAverage":3.0173912}},"metadata":{"timer_format_version":"0.1.0","start_time_seconds":"1751109053","unity_version":"6000.1.6f1","command_line_arguments":"Unity -projectPath AIW_SOCCER","communication_protocol_version":"1.5.0","com.unity.ml-agents_version":"3.0.0","scene_name":"Train Scene Test","end_time_seconds":"1751111980"}}