{"count":1,"self":2641.4385152,"total":41834.015652099995,"children":{"InitializeActuators":{"count":32,"self":0,"total":0,"children":null},"InitializeSensors":{"count":32,"self":0.0030017999999999998,"total":0.0030017999999999998,"children":null},"AgentSendState":{"count":4225885,"self":3910.9230592,"total":4866.6913054,"children":{"CollectObservations":{"count":22538064,"self":44.3695904,"total":44.369591,"children":null},"WriteActionMask":{"count":22538064,"self":4.7112875999999995,"total":4.7112875,"children":null},"RequestDecision":{"count":22538064,"self":33.2111168,"total":906.68736589999992,"children":{"AgentInfo.ToProto":{"count":22538064,"self":20.6899056,"total":873.47624899999994,"children":{"GenerateSensorData":{"count":22538064,"self":534.9213184,"total":852.7863441,"children":{"RayPerceptionSensor.Perceive":{"count":67614192,"self":317.8650368,"total":317.8650401,"children":null}}}}}}}}},"DecideAction":{"count":4225885,"self":32915.4658304,"total":32915.4641978,"children":null},"AgentAct":{"count":4225885,"self":1398.1210624,"total":1398.1210543,"children":null},"AgentInfo.ToProto":{"count":253766,"self":0.69142949999999992,"total":12.2976586,"children":{"GenerateSensorData":{"count":253766,"self":7.62568,"total":11.6062291,"children":{"RayPerceptionSensor.Perceive":{"count":761298,"self":3.9805487999999998,"total":3.9805488999999996,"children":null}}}}}},"gauges":{"Albert_FootballAgent.CumulativeReward":{"count":126883,"max":1.28210056,"min":-1.17160881,"runningAverage":0.006834248,"value":-0.404780984,"weightedAverage":0.00478305668},"Kai_FootballAgent.CumulativeReward":{"count":126883,"max":1.30154955,"min":-1.17082024,"runningAverage":-0.135040581,"value":-0.351791441,"weightedAverage":-0.301711828}},"metadata":{"timer_format_version":"0.1.0","start_time_seconds":"1751336581","unity_version":"6000.1.9f1","command_line_arguments":"Unity -projectPath AIW_SOCCER","communication_protocol_version":"1.5.0","com.unity.ml-agents_version":"3.0.0","scene_name":"Train Scene","end_time_seconds":"1751378415"}}