{"count":1,"self":454.9484032,"total":486.19630789999997,"children":{"InitializeActuators":{"count":24,"self":0.0020261,"total":0.0020261,"children":null},"InitializeSensors":{"count":24,"self":0.0020209,"total":0.0020209,"children":null},"AgentSendState":{"count":24030,"self":21.1349072,"total":22.7997777,"children":{"CollectObservations":{"count":115344,"self":0.39194389999999996,"total":0.39194389999999996,"children":null},"WriteActionMask":{"count":115344,"self":0.0397599,"total":0.0397599,"children":null},"RequestDecision":{"count":115344,"self":0.28028149999999996,"total":1.233167,"children":{"RayPerceptionSensor.Perceive":{"count":317196,"self":0.95288549999999994,"total":0.95288549999999994,"children":null}}}}},"DecideAction":{"count":24030,"self":6.1769792,"total":7.4185368999999994,"children":{"RayPerceptionSensor.Perceive":{"count":28836,"self":1.2415574999999999,"total":1.2415574999999999,"children":null}}},"AgentAct":{"count":24030,"self":1.0225061,"total":1.0225061,"children":null},"RayPerceptionSensor.Perceive":{"count":1056,"self":0.0015214,"total":0.0015214,"children":null}},"gauges":{"Kai_FootballAgent.CumulativeReward":{"count":227,"max":9.981,"min":-10.5104961,"runningAverage":-1.23188853,"value":-1.751507,"weightedAverage":-1.74231482},"Albert_FootballAgent.CumulativeReward":{"count":227,"max":9.9715,"min":-10.4734955,"runningAverage":-1.6724174,"value":-1.751507,"weightedAverage":-1.69603622}},"metadata":{"timer_format_version":"0.1.0","start_time_seconds":"1751032193","unity_version":"6000.1.6f1","command_line_arguments":"Unity -projectPath AIW_SOCCER","communication_protocol_version":"1.5.0","com.unity.ml-agents_version":"3.0.0","scene_name":"Train Scene","end_time_seconds":"1751032680"}}