{"count":1,"self":66.3513856,"total":67.0406622,"children":{"InitializeActuators":{"count":2,"self":0.0015032,"total":0.0015032,"children":null},"InitializeSensors":{"count":2,"self":0.0035248999999999996,"total":0.0035248999999999996,"children":null},"AgentSendState":{"count":3080,"self":0.2080197,"total":0.2419481,"children":{"CollectObservations":{"count":1027,"self":0.0089605999999999991,"total":0.0089605999999999991,"children":null},"WriteActionMask":{"count":1027,"self":0.0015138999999999999,"total":0.0015138999999999999,"children":null},"RequestDecision":{"count":1027,"self":0.017911,"total":0.0234539,"children":{"RayPerceptionSensor.Perceive":{"count":1542,"self":0.0055429,"total":0.0055429,"children":null}}}}},"DecideAction":{"count":3080,"self":0.2258479,"total":0.31465909999999997,"children":{"RayPerceptionSensor.Perceive":{"count":1539,"self":0.088811199999999993,"total":0.088811199999999993,"children":null}}},"AgentAct":{"count":3080,"self":0.12764119999999998,"total":0.12764119999999998,"children":null},"RayPerceptionSensor.Perceive":{"count":18,"self":0,"total":0,"children":null}},"gauges":{"Albert_FootballAgent.CumulativeReward":{"count":6,"max":0.978866935,"min":-1.011728,"runningAverage":-0.513735831,"value":-0.4808299,"weightedAverage":-0.437368},"Kai_FootballAgent.CumulativeReward":{"count":6,"max":0.991866946,"min":-1.00336075,"runningAverage":-0.456951976,"value":-0.363023728,"weightedAverage":-0.378077716}},"metadata":{"timer_format_version":"0.1.0","start_time_seconds":"1751648531","unity_version":"6000.1.9f1","command_line_arguments":"C:\\Program Files\\Unity\\Hub\\Editor\\6000.1.9f1\\Editor\\Unity.com -projectPath .\\AIW_SOCCER\\","communication_protocol_version":"1.5.0","com.unity.ml-agents_version":"3.0.0","scene_name":"Train Scene Test","end_time_seconds":"1751648598"}}