{"count":1,"self":154.52296959999998,"total":1916.3430801,"children":{"InitializeActuators":{"count":32,"self":0.0020003,"total":0.0020003,"children":null},"InitializeSensors":{"count":32,"self":0.0040323,"total":0.0040323,"children":null},"AgentSendState":{"count":270234,"self":298.62389759999996,"total":369.48762419999997,"children":{"CollectObservations":{"count":1729504,"self":3.3914855999999998,"total":3.3914853999999997,"children":null},"WriteActionMask":{"count":1729504,"self":0.37813769999999997,"total":0.37813769999999997,"children":null},"RequestDecision":{"count":1729504,"self":2.4602332,"total":67.0940991,"children":{"AgentInfo.ToProto":{"count":1729504,"self":1.5230327,"total":64.6338659,"children":{"GenerateSensorData":{"count":1729504,"self":38.546304,"total":63.110833199999995,"children":{"RayPerceptionSensor.Perceive":{"count":5188512,"self":24.5645296,"total":24.5645289,"children":null}}}}}}}}},"DecideAction":{"count":270234,"self":1359.8828544,"total":1359.8828612999998,"children":null},"AgentAct":{"count":270234,"self":32.005328,"total":32.0053285,"children":null},"AgentInfo.ToProto":{"count":8564,"self":0.0335882,"total":0.4372676,"children":{"GenerateSensorData":{"count":8564,"self":0.2683056,"total":0.40367939999999997,"children":{"RayPerceptionSensor.Perceive":{"count":25692,"self":0.1353738,"total":0.1353738,"children":null}}}}}},"gauges":{"Albert_FootballAgent.CumulativeReward":{"count":4282,"max":28.0602188,"min":-10.18278,"runningAverage":4.76449347,"value":2.20202351,"weightedAverage":5.69629526},"Kai_FootballAgent.CumulativeReward":{"count":4282,"max":25.5178719,"min":-10.0056648,"runningAverage":2.98156214,"value":2.49083,"weightedAverage":0.502653539}},"metadata":{"timer_format_version":"0.1.0","start_time_seconds":"1751146523","unity_version":"6000.1.6f1","command_line_arguments":"C:\\Program Files\\Unity\\Hub\\Editor\\6000.1.6f1\\Editor\\Unity.com -projectPath .\\AIW_SOCCER\\","communication_protocol_version":"1.5.0","com.unity.ml-agents_version":"3.0.0","scene_name":"Train Scene Small Net","end_time_seconds":"1751148439"}}