{"count":1,"self":1793.5785984,"total":25895.9970522,"children":{"InitializeActuators":{"count":32,"self":0.0030302,"total":0.0030302,"children":null},"InitializeSensors":{"count":32,"self":0.0030069,"total":0.0030069,"children":null},"AgentSendState":{"count":3003352,"self":3132.3418624,"total":3928.7133566999996,"children":{"CollectObservations":{"count":19221472,"self":47.7466528,"total":47.746654199999995,"children":null},"WriteActionMask":{"count":19221472,"self":4.2136584,"total":4.2136585,"children":null},"RequestDecision":{"count":19221472,"self":27.872489599999998,"total":744.4112474,"children":{"AgentInfo.ToProto":{"count":19221472,"self":17.43448,"total":716.53875629999993,"children":{"GenerateSensorData":{"count":19221472,"self":431.7592064,"total":699.1042761,"children":{"RayPerceptionSensor.Perceive":{"count":57664416,"self":267.3450752,"total":267.34507909999996,"children":null}}}}}}}}},"DecideAction":{"count":3003352,"self":20014.0685312,"total":20014.067811599998,"children":null},"AgentAct":{"count":3003352,"self":152.4337792,"total":152.4337836,"children":null},"AgentInfo.ToProto":{"count":142970,"self":0.453345,"total":7.1970562,"children":{"GenerateSensorData":{"count":142970,"self":4.4048372,"total":6.7437112,"children":{"RayPerceptionSensor.Perceive":{"count":428910,"self":2.3388739999999997,"total":2.3388739999999997,"children":null}}}}}},"gauges":{"Kai_FootballAgent.CumulativeReward":{"count":71485,"max":9.9855,"min":-10.7585077,"runningAverage":-4.92934227,"value":-10.395997,"weightedAverage":-3.263884},"Albert_FootballAgent.CumulativeReward":{"count":71485,"max":9.984,"min":-10.7560072,"runningAverage":3.78855777,"value":9.604003,"weightedAverage":2.19543767}},"metadata":{"timer_format_version":"0.1.0","start_time_seconds":"1751041304","unity_version":"6000.1.6f1","command_line_arguments":"Unity -projectPath AIW_SOCCER","communication_protocol_version":"1.5.0","com.unity.ml-agents_version":"3.0.0","scene_name":"Train Scene Small Net","end_time_seconds":"1751067199"}}