{"count":1,"self":1835.905024,"total":21221.9169358,"children":{"InitializeActuators":{"count":24,"self":0.0019998,"total":0.0019998,"children":null},"InitializeSensors":{"count":24,"self":0.0025447,"total":0.0025447,"children":null},"AgentSendState":{"count":3350085,"self":2261.7473024,"total":2784.0669413,"children":{"CollectObservations":{"count":16080408,"self":37.247312,"total":37.2473135,"children":null},"WriteActionMask":{"count":16080408,"self":2.8112597999999998,"total":2.8112597999999998,"children":null},"RequestDecision":{"count":16080408,"self":21.2802576,"total":482.261151,"children":{"AgentInfo.ToProto":{"count":16080408,"self":14.355067199999999,"total":460.98089369999997,"children":{"GenerateSensorData":{"count":16080408,"self":283.65793279999997,"total":446.6258271,"children":{"RayPerceptionSensor.Perceive":{"count":32160816,"self":162.9679104,"total":162.9679065,"children":null}}}}}}}}},"DecideAction":{"count":3350085,"self":16467.6173824,"total":16467.6170805,"children":null},"AgentAct":{"count":3350085,"self":128.7992448,"total":128.79924119999998,"children":null},"AgentInfo.ToProto":{"count":141996,"self":0.4085646,"total":5.524052,"children":{"GenerateSensorData":{"count":141996,"self":3.4794424,"total":5.1154874,"children":{"RayPerceptionSensor.Perceive":{"count":283992,"self":1.6360447999999999,"total":1.6360447999999999,"children":null}}}}}},"gauges":{"Kai_FootballAgent.CumulativeReward":{"count":70998,"max":9.986,"min":-10.758007,"runningAverage":-1.0803175,"value":-1.75300717,"weightedAverage":1.75813746},"Albert_FootballAgent.CumulativeReward":{"count":70998,"max":9.988,"min":-10.7575073,"runningAverage":0.0360539034,"value":-1.75300717,"weightedAverage":-3.69526219}},"metadata":{"timer_format_version":"0.1.0","start_time_seconds":"1750921117","unity_version":"6000.1.6f1","command_line_arguments":"C:\\Program Files\\Unity\\Hub\\Editor\\6000.1.6f1\\Editor\\Unity.com -projectPath .\\AIW_SOCCER\\","communication_protocol_version":"1.5.0","com.unity.ml-agents_version":"3.0.0","scene_name":"Train Scene","end_time_seconds":"1750942339"}}