{"count":1,"self":1836.4956671999998,"total":24087.5888651,"children":{"InitializeActuators":{"count":32,"self":0.0010280999999999999,"total":0.0010280999999999999,"children":null},"InitializeSensors":{"count":32,"self":0.0045538,"total":0.0045538,"children":null},"AgentSendState":{"count":2571718,"self":2909.9378687999997,"total":3573.7952999999998,"children":{"CollectObservations":{"count":16459008,"self":28.7410112,"total":28.7410112,"children":null},"WriteActionMask":{"count":16459008,"self":3.7113099999999997,"total":3.7113099999999997,"children":null},"RequestDecision":{"count":16459008,"self":23.133519999999997,"total":631.40514109999992,"children":{"AgentInfo.ToProto":{"count":16459008,"self":13.9516656,"total":608.2716207,"children":{"GenerateSensorData":{"count":16459008,"self":366.43338239999997,"total":594.3199553,"children":{"RayPerceptionSensor.Perceive":{"count":49377024,"self":227.8865664,"total":227.88657909999998,"children":null}}}}}}}}},"DecideAction":{"count":2571718,"self":18380.234752,"total":18380.2342313,"children":null},"AgentAct":{"count":2571718,"self":289.2142592,"total":289.2142483,"children":null},"AgentInfo.ToProto":{"count":163776,"self":0.4574699,"total":7.8438016,"children":{"GenerateSensorData":{"count":163776,"self":4.7400443999999995,"total":7.3863316999999995,"children":{"RayPerceptionSensor.Perceive":{"count":491328,"self":2.6462871999999997,"total":2.6462871999999997,"children":null}}}}}},"gauges":{"Albert_FootballAgent.CumulativeReward":{"count":81888,"max":29.672266,"min":-10.2404442,"runningAverage":3.45979166,"value":0.428162575,"weightedAverage":2.98018813},"Kai_FootballAgent.CumulativeReward":{"count":81888,"max":29.2598476,"min":-10.1878452,"runningAverage":1.27114749,"value":20.3362026,"weightedAverage":5.92821741}},"metadata":{"timer_format_version":"0.1.0","start_time_seconds":"1751084846","unity_version":"6000.1.6f1","command_line_arguments":"Unity -projectPath AIW_SOCCER","communication_protocol_version":"1.5.0","com.unity.ml-agents_version":"3.0.0","scene_name":"Train Scene","end_time_seconds":"1751108933"}}